config,micro,micro_sd,macro,macro_sd,n_folds
base,0.47829787234042553,0.029793436485940045,0.33168272266109783,0.04393680045515302,50
base_asym05,0.4548085106382979,0.020518676029433976,0.3654700978723986,0.04636829035019408,50
base_asym10,0.46680851063829787,0.026487404169038706,0.3625301118262724,0.05639549362303441,50
base_h1,0.47808018068887637,0.036767285657319966,0.34510643516460066,0.04964729274655338,25
base_h2,0.4823425762045231,0.032256539538961106,0.33029060017981776,0.04782779955340683,25
base_h3,0.48955199543434835,0.03043827842177661,0.3388725789919411,0.05213179544228824,25
p1,0.603404255319149,0.028069048949824177,0.5730433289643259,0.03731717835231441,50
p3,0.6112340425531915,0.0224473384128278,0.581021724160874,0.029825773586380434,50
p3_h1,0.6090201392810088,0.019060435570427466,0.5729667768456026,0.019951700931966247,25
p3_h2,0.6100806293018682,0.013813179367606739,0.5714678684608034,0.017404455287003295,25
p3_h3,0.626422893481717,0.020491929756443608,0.5881273049441647,0.02147693617278868,25
