config,N,mean,median,std,iqr,ant,ant_rep_mean,ant_rep_sd,tie0,n_onsets,n_students,k
base,757,7.480845442536328,0.0,29.221806659915238,24.0,24.9669749009247,25.049075340296568,3.974670544521042,37.912813738441216,148,22,1
p1,763,8.044560943643512,0.0,30.752301514875796,24.0,22.93577981651376,22.915099072960498,4.3309347714128466,39.31847968545216,152,23,1
p3,754,6.3978779840848805,0.0,30.157942725512488,24.0,23.47480106100796,23.498597948597947,4.571215408029655,41.246684350132625,167,23,1
base,1469,8.353301565690947,0.0,27.064279580562538,24.0,20.558202859087814,20.56202440467519,1.6793409476115573,41.86521443158611,180,22,2
p1,1477,7.064319566689235,0.0,29.290328898214142,24.0,22.681110358835475,22.659565782576212,2.4034052585622283,40.758293838862556,185,23,2
p3,1479,6.908045977011494,0.0,29.75183207254843,24.0,23.39418526031102,23.39827913189934,3.5838067321876363,38.471940500338064,194,23,2
base,2194,7.0291704649042845,0.0,27.864797453303968,24.0,22.561531449407475,22.55909745702501,1.3890780292672325,38.878760255241566,193,22,3
p1,2184,7.6007326007326,0.0,29.262126183524387,24.0,21.428571428571427,21.40994303382142,2.0674933687576367,40.65934065934066,203,23,3
p3,2160,7.04074074074074,0.0,29.2791931396693,24.0,22.546296296296298,22.5596952238345,2.40992414436086,38.51851851851852,203,23,3
