config,N,mean,median,std,iqr,ant,ant_rep_mean,ant_rep_sd,tie0,n_onsets,n_students,pen,win
base,1240,1.8548387096774193,0.0,11.748091424260625,8.0,21.532258064516128,21.554947983263503,2.882904930072585,47.74193548387097,159,22,0.5,24.0
p1,1152,1.5034722222222223,0.0,11.718534633764484,6.25,21.09375,21.088204269559032,2.7791899189058786,50.08680555555556,166,22,0.5,24.0
p3,1180,1.8542372881355933,0.0,12.061439015416518,7.0,21.949152542372882,21.975135527927158,2.513109294308349,45.33898305084746,173,22,0.5,24.0
base,1564,5.1445012787723785,0.0,18.879781687427894,21.0,22.25063938618926,22.2592779644758,2.808285631244132,37.851662404092075,172,22,0.5,48.0
p1,1497,3.6152304609218437,0.0,20.37762437981015,17.0,24.448897795591183,24.428952816181233,2.5306010786046307,38.5437541750167,177,22,0.5,48.0
p3,1494,3.427041499330656,0.0,19.981799279017487,18.0,25.234270414993304,25.26200272127295,2.752247403585515,35.809906291834004,181,22,0.5,48.0
base,1816,8.208149779735683,0.0,28.762438386186094,24.0,23.292951541850222,23.29517177299387,2.1574652037103106,32.59911894273127,177,22,0.5,72.0
p1,1763,7.721497447532615,0.0,30.15917152821504,24.0,24.730572887124218,24.70309634756979,2.3100556031937773,32.728304027226315,181,22,0.5,72.0
p3,1734,6.788350634371396,0.0,29.3404054342481,25.0,25.663206459054212,25.673931607413607,3.2781130258009337,30.853517877739336,184,22,0.5,72.0
base,1904,7.951155462184874,0.0,33.363823957369156,24.0,24.422268907563023,24.410552185464233,1.9993392376957726,31.092436974789916,179,22,0.5,96.0
p1,1860,6.15752688172043,0.0,35.467422449392735,30.0,26.7741935483871,26.746837695994362,1.895664217984517,31.021505376344088,185,22,0.5,96.0
p3,1834,6.0550708833151585,0.0,34.865977033822944,30.0,27.262813522355504,27.273665648763775,3.185943377195407,29.171210468920393,188,22,0.5,96.0
base,795,1.8150943396226416,0.0,11.396440894987908,6.0,22.0125786163522,22.087210306802866,3.0577381341860543,49.685534591194966,132,22,1.0,24.0
p1,693,1.0533910533910533,0.0,11.804465730053213,5.0,22.655122655122657,22.699404369503043,2.6390024862402917,50.36075036075036,135,22,1.0,24.0
p3,616,1.6233766233766234,0.0,11.85869537077956,5.25,23.051948051948052,23.232563455801806,2.973755340854274,48.37662337662338,149,22,1.0,24.0
base,974,4.816221765913758,0.0,18.06110741125706,17.75,22.176591375770023,22.193598094159523,2.479335581683112,40.55441478439425,145,22,1.0,48.0
p1,912,3.129385964912281,0.0,20.60513541160456,18.0,26.096491228070175,26.095090790934176,2.8687205539742204,38.26754385964912,147,22,1.0,48.0
p3,778,3.6928020565552697,0.0,19.793905295864906,18.0,25.578406169665808,25.744422634753526,4.163340601518851,38.303341902313626,163,22,1.0,48.0
base,1120,8.404464285714285,0.0,27.784273293168297,24.0,22.767857142857142,22.784131162863822,2.073528077710834,35.267857142857146,154,22,1.0,72.0
p1,1064,6.9680451127819545,0.0,30.376857085781676,30.0,26.409774436090228,26.449056057600796,2.6784391099196685,32.80075187969925,155,22,1.0,72.0
p3,914,6.652078774617068,0.0,29.991370811714297,29.0,26.58643326039387,26.657184560198864,4.806125416290767,32.60393873085339,168,22,1.0,72.0
base,1165,7.911587982832618,0.0,31.698942137137653,24.0,23.948497854077253,23.974972903830796,2.2698106448823876,33.90557939914164,155,22,1.0,96.0
p1,1109,6.539224526600541,0.0,34.42793896980427,30.0,27.50225428313796,27.545985750954628,2.5324991678651045,31.46979260595131,157,22,1.0,96.0
p3,962,6.4365904365904365,0.0,34.87776532499142,30.0,27.754677754677754,27.7640057283921,4.434518003074977,30.97713097713098,171,22,1.0,96.0
base,222,1.3063063063063063,0.0,12.36715310359067,11.0,28.37837837837838,28.640586606376083,6.893727323320422,44.14414414414414,58,15,2.0,24.0
p1,219,0.3470319634703196,0.0,11.505408694337818,1.0,26.94063926940639,27.307880525271827,9.360651984785127,48.858447488584474,67,17,2.0,24.0
p3,152,-0.5789473684210527,0.0,12.316212497166378,6.0,32.23684210526316,31.777348898091923,8.580402014658516,44.07894736842105,61,17,2.0,24.0
base,269,5.070631970260223,0.0,19.38433530447042,24.0,26.765799256505574,27.0492828427611,6.526255121622361,36.43122676579926,68,17,2.0,48.0
p1,278,4.726618705035971,0.0,18.98481466339737,18.0,25.539568345323744,25.57002295998403,7.297301130169386,38.489208633093526,77,18,2.0,48.0
p3,189,4.195767195767195,0.0,18.57041753757793,26.0,28.57142857142857,28.303660171509136,7.6642474609978635,35.44973544973545,71,17,2.0,48.0
base,304,10.825657894736842,0.0,26.862426669280005,24.0,24.671052631578945,24.73251026087511,4.902714768311312,32.23684210526316,77,18,2.0,72.0
p1,335,9.188059701492538,0.0,30.398016020136858,29.0,25.970149253731346,25.937372488126982,8.544513627279363,31.94029850746269,85,18,2.0,72.0
p3,230,6.160869565217391,0.0,30.914097618319133,30.75,30.434782608695656,29.738574587544843,7.87570919920572,29.130434782608695,79,19,2.0,72.0
base,312,10.038461538461538,0.0,29.89034291464027,25.0,25.64102564102564,25.745344174183238,5.417280419896579,31.41025641025641,79,18,2.0,96.0
p1,349,6.882521489971347,0.0,34.58697945248771,34.0,28.08022922636103,28.02242147498604,8.419805058631397,30.659025787965614,87,18,2.0,96.0
p3,244,2.44672131147541,0.0,36.52161586540163,32.0,33.60655737704918,32.942476663766016,7.576955805498872,27.459016393442624,81,19,2.0,96.0
base,10,-5.4,0.0,12.048051940274641,15.75,30.0,33.33333333333333,47.14045207910317,60.0,5,2,5.0,24.0
p1,8,-2.0,0.0,9.606545387688245,2.0,25.0,13.333333333333332,29.814239699997195,50.0,6,3,5.0,24.0
p3,6,-4.833333333333333,0.0,8.863783992554572,5.25,33.33333333333333,30.0,44.721359549995796,66.66666666666666,3,2,5.0,24.0
base,10,-5.4,0.0,12.048051940274641,15.75,30.0,33.33333333333333,47.14045207910317,60.0,5,2,5.0,48.0
p1,8,-2.0,0.0,9.606545387688245,2.0,25.0,13.333333333333332,29.814239699997195,50.0,6,3,5.0,48.0
p3,8,2.875,0.0,16.12839111628931,8.0,25.0,26.666666666666664,43.461349368017665,50.0,5,3,5.0,48.0
base,10,-5.4,0.0,12.048051940274641,15.75,30.0,33.33333333333333,47.14045207910317,60.0,5,2,5.0,72.0
p1,10,8.2,0.0,23.112286294907687,9.25,20.0,9.523809523809522,25.19763153394848,40.0,7,3,5.0,72.0
p3,11,15.454545454545455,0.0,25.42189464364777,38.0,18.181818181818183,19.047619047619044,37.79644730092272,36.36363636363637,6,3,5.0,72.0
base,10,-5.4,0.0,12.048051940274641,15.75,30.0,33.33333333333333,47.14045207910317,60.0,5,2,5.0,96.0
p1,10,8.2,0.0,23.112286294907687,9.25,20.0,9.523809523809522,25.19763153394848,40.0,7,3,5.0,96.0
p3,11,15.454545454545455,0.0,25.42189464364777,38.0,18.181818181818183,19.047619047619044,37.79644730092272,36.36363636363637,6,3,5.0,96.0
