config,N,mean,median,std,iqr,ant,ant_rep_mean,ant_rep_sd,tie0,n_onsets,n_students,traj
base,965,6.8062176165803105,0.0,26.400811841029753,23.0,24.145077720207254,24.03137385034284,4.408737100199226,32.64248704663213,157,22,maxprob
p1,1073,7.709226467847158,0.0,30.315155540826815,25.0,25.908667287977632,25.869645247204623,3.8279969801778897,32.712022367194784,156,22,maxprob
p3,946,8.68816067653277,0.0,30.293013625205845,24.0,23.995771670190276,24.07906871736839,5.354032035112877,32.55813953488372,173,22,maxprob
base,1056,10.323863636363637,0.0,29.119287896811734,25.0,22.25378787878788,22.181509385910207,2.774684004348285,31.91287878787879,146,22,P(high)
p1,1092,7.093406593406593,0.0,29.435110514586704,27.5,25.82417582417583,25.841357249778962,1.9670452958184466,33.6996336996337,159,22,P(high)
p3,932,8.064377682403434,0.0,30.58593811640988,27.0,25.858369098712448,25.80610615529337,2.2359961307236875,31.115879828326182,165,22,P(high)
base,332,11.045180722891565,4.0,30.384361650325225,32.5,25.0,24.749945788507297,5.76928574999846,19.57831325301205,85,17,"maxprob, jump=5 (as submitted)"
p1,420,13.688095238095238,5.5,32.13025921498941,39.0,24.523809523809522,24.716511461797847,3.525303726379922,19.761904761904763,85,16,"maxprob, jump=5 (as submitted)"
p3,358,15.779329608938548,5.5,33.658008442604356,47.0,23.743016759776538,23.737975819244006,3.990859078879642,20.391061452513966,89,17,"maxprob, jump=5 (as submitted)"
